reg_no,name,dept,cgpa,semester
208276795,Ananya Naidu,MECH,8.92,8
583116071,Sanjay Naidu,CSBS,6.95,3
139010933,Bhavya Gupta,AIDS,7.79,2
496616114,Aditi Kumar,AIDS,9.09,5
981069262,Niharika Kumar,EEE,7.54,8
509077944,Varun Pillai,MECH,7.43,3
319343435,Aditi Singh,ECE,7.68,7
585788753,Yamini Naidu,CSBS,7.97,8
290768505,Pooja Naidu,ECE,8.97,6
183643183,Akhil Patel,ECE,9.84,4
979201295,Tarun Reddy,EEE,7.83,3
235479238,Pranav Iyer,CIVIL,9.86,1
509460749,Ishaan Singh,CIVIL,9.45,1
123732076,Karthik Patel,EEE,8.11,8
602557235,Karthik Iyer,AIDS,8.45,3
667984848,Yamini Sharma,CSBS,8.31,2
292210763,Rithanya Iyer,AIDS,7.15,5
864545033,Akhil Kumar,CSE,9.58,5
307357048,Gautam Iyer,CSBS,7.29,1
819063310,Ananya Chowdhury,IT,8.76,2
959497870,Rithanya Patel,CSBS,7.27,7
111108203,Akhil Reddy,AIDS,7.64,2
111847124,Madhav Singh,EEE,7.06,1
182095171,Vignesh Sharma,CSBS,8.46,1
544376377,Kavya Chowdhury,CSE,9.33,8
154094021,Ishaan Pillai,MECH,9.39,1
544301247,Akhil Pillai,CSE,9.13,6
229695674,Pranav Pillai,ECE,7.47,1
282395154,Harini Rao,MECH,9.20,7
869206920,Ishaan Verma,EEE,8.38,1
853928214,Varun Chowdhury,CSBS,6.78,7
715157276,Naveen Iyer,CIVIL,9.45,7
644114061,Meera Patel,CSBS,9.88,4
909649538,Kavya Verma,CSBS,8.36,3
128771910,Vignesh Chowdhury,CSE,6.74,1
508356592,Pranav Menon,CIVIL,8.92,2
257877784,Varun Kumar,CSBS,8.20,7
969337992,Ananya Reddy,CSBS,6.76,6
674685880,Aarav Bhat,MECH,7.44,3
900564837,Bhavya Patel,IT,6.90,2
440008914,Bhavya Iyer,AIDS,9.02,6
273189921,Tarun Pillai,MECH,7.93,8
767467578,Gautam Sharma,MECH,9.14,2
647496995,Chaitanya Nair,IT,7.68,5
516213818,Rahul Singh,AIDS,8.05,2
608232616,Sneha Bhat,EEE,9.28,8
738885947,Chaitanya Kumar,ECE,8.46,2
304811922,Madhav Naidu,EEE,9.34,7
939966642,Ananya Chowdhury,CIVIL,8.43,2
532677502,Aditi Chowdhury,CSE,7.86,2
454911744,Akhil Iyer,AIDS,9.50,8
963633615,Bhavya Pillai,CSBS,8.00,5
287682108,Janani Menon,CIVIL,6.99,7
236143559,Ishaan Singh,IT,7.53,1
602071246,Tarun Naidu,AIDS,6.64,7
947045836,Karthik Menon,MECH,9.26,2
741410195,Sneha Bhat,IT,8.23,3
741059477,Bhavya Sharma,ECE,9.53,3
528785747,Niharika Chowdhury,CSE,6.91,1
495438631,Niharika Iyer,CSBS,9.12,3
799852136,Ishaan Patel,CSE,9.35,4
745073317,Naveen Sharma,CIVIL,7.92,8
730785804,Pooja Rao,CIVIL,7.21,5
640675095,Aarav Bhat,CSE,8.16,8
923987582,Ananya Verma,EEE,9.07,1
975343147,Meera Kumar,CSE,8.18,3
277679393,Pooja Menon,CSBS,7.79,8
178889445,Rithanya Kumar,AIDS,9.06,3
410706989,Yamini Verma,CIVIL,9.14,1
587435339,Sanjay Patel,ECE,8.53,1
370691284,Gautam Reddy,IT,7.03,6
712869925,Naveen Kumar,CSBS,8.42,8
192311106,Harini Reddy,CSBS,8.70,5
716762631,Vignesh Bhat,MECH,8.51,2
454559255,Ananya Kumar,MECH,8.83,4
308808132,Pranav Sharma,ECE,9.58,3
873285444,Pranav Iyer,CSE,7.41,5
961777401,Pranav Nair,EEE,9.37,1
543170985,Divya Pillai,ECE,7.88,1
981224214,Tarun Menon,AIDS,9.79,8
294291793,Sneha Sharma,CSE,8.89,4
512958595,Divya Kumar,AIDS,8.49,3
520496885,Vignesh Naidu,EEE,7.60,7
830533229,Varun Singh,CSE,7.55,5
531378020,Tarun Bhat,CIVIL,8.64,2
455405293,Gautam Iyer,ECE,8.62,1
818325993,Vignesh Reddy,CSE,9.79,5
712296374,Varun Menon,CSBS,7.30,3
669059649,Niharika Bhat,CSE,7.44,3
603506625,Akhil Pillai,ECE,7.45,7
558876233,Rithanya Menon,CSBS,8.40,5
683592573,Pooja Bhat,CSE,7.79,4
233104605,Vignesh Pillai,IT,7.89,5
143116124,Tarun Nair,ECE,6.75,8
563875240,Bhavya Verma,ECE,8.68,3
577963240,Akhil Chowdhury,AIDS,6.63,7
184478235,Divya Patel,ECE,6.68,2
554853998,Ishaan Reddy,CSBS,7.29,3
860153999,Yamini Rao,EEE,8.11,3
663538384,Ananya Kumar,ECE,8.21,4
256428386,Karthik Patel,CIVIL,7.45,2
530172516,Yamini Iyer,CSBS,7.12,2
741764904,Pooja Pillai,CSE,9.44,2
575949006,Divya Nair,CSBS,9.17,8
833201683,Tarun Pillai,CIVIL,7.85,7
668911773,Gautam Bhat,CIVIL,8.90,3
931398086,Madhav Nair,ECE,8.54,1
994094589,Bhavya Bhat,IT,7.02,2
956337420,Kavya Nair,CIVIL,8.87,1
878987476,Tarun Sharma,CSBS,7.30,6
786779125,Divya Reddy,EEE,8.77,8
903966069,Aarav Menon,EEE,8.45,6
407522692,Yamini Menon,ECE,9.66,8
915615503,Rithanya Sharma,IT,8.83,2
557245619,Vignesh Verma,ECE,8.45,2
462679919,Yamini Sharma,AIDS,7.68,2
790529219,Ananya Kumar,CSBS,9.70,3
935562279,Yamini Patel,CSBS,9.38,8
410044716,Aarav Verma,IT,8.21,6
157002941,Akhil Gupta,CSE,8.52,4
711740203,Chaitanya Pillai,CSE,9.48,2
824541785,Chaitanya Bhat,AIDS,9.08,5
755148340,Divya Reddy,ECE,9.34,5
551306530,Yamini Reddy,EEE,7.63,4
109284853,Rahul Rao,AIDS,6.90,1
526724170,Aarav Kumar,ECE,9.48,5
699084582,Naveen Iyer,AIDS,7.95,8
814935291,Naveen Iyer,CIVIL,8.91,2
175309711,Aditi Menon,CSE,6.91,8
807316675,Janani Iyer,CIVIL,9.34,8
231337529,Varun Iyer,EEE,9.45,3
428745888,Naveen Bhat,AIDS,9.51,7
308912979,Varun Singh,EEE,7.54,3
823264831,Aarav Kumar,ECE,7.65,4
312920161,Tarun Nair,CSBS,6.77,5
272222795,Bhavya Kumar,CSBS,9.78,5
657466345,Meera Menon,CIVIL,6.81,1
289252942,Chaitanya Bhat,MECH,9.77,5
408044522,Pranav Kumar,IT,7.67,5
394816582,Vignesh Singh,ECE,7.49,6
598363134,Gautam Reddy,ECE,8.11,5
931417422,Aditi Nair,IT,8.56,4
389941963,Chaitanya Nair,MECH,6.96,7
192472347,Somashekar Naidu,CSE,9.45,5
922659638,Chaitanya Naidu,CIVIL,9.61,7
521521410,Pranav Kumar,CIVIL,7.44,1
206130604,Sanjay Iyer,MECH,9.06,4
119218544,Chaitanya Patel,EEE,9.51,6
651185735,Kavya Sharma,CIVIL,7.21,1
353783517,Kavya Bhat,CSE,8.96,3
608821301,Naveen Reddy,CIVIL,9.33,4
144837294,Gautam Pillai,IT,6.64,7
772599240,Aarav Chowdhury,CIVIL,8.59,8
998802067,Sneha Verma,ECE,8.65,3
707782703,Tarun Pillai,AIDS,9.68,4
134401197,Sanjay Sharma,AIDS,8.92,6
975586213,Bhavya Iyer,IT,6.60,5
602554894,Tarun Pillai,ECE,8.93,6
635168998,Madhav Chowdhury,CSE,7.09,4
350896290,Ananya Naidu,AIDS,6.55,8
773719051,Madhav Chowdhury,AIDS,8.31,7
230729947,Harini Kumar,CSBS,7.47,2
958390370,Yamini Pillai,CSBS,8.21,1
248031157,Janani Pillai,CSE,8.37,3
610134993,Meera Sharma,CIVIL,7.71,3
700867125,Kavya Chowdhury,AIDS,7.28,1
595468543,Yamini Naidu,MECH,7.66,6
193702363,Niharika Patel,CIVIL,7.28,7
475254172,Janani Sharma,ECE,6.51,4
659891807,Aditi Rao,EEE,9.30,8
394332254,Aditi Naidu,AIDS,9.73,5
559089181,Tarun Iyer,ECE,8.50,5
486925251,Bhavya Singh,EEE,9.40,6
806716174,Sneha Gupta,IT,7.36,5
667610096,Bhavya Kumar,MECH,8.87,6
144418339,Gautam Sharma,ECE,9.16,1
901267824,Aditi Naidu,CSBS,8.96,8
766602829,Meera Chowdhury,MECH,8.47,7
571689180,Vignesh Singh,AIDS,9.70,2
304997079,Meera Reddy,CSE,7.07,8
718791238,Madhav Naidu,ECE,9.36,8
722955268,Rithanya Chowdhury,ECE,8.94,1
144370925,Aarav Bhat,AIDS,7.01,7
115558101,Ananya Pillai,EEE,8.29,3
871506629,Divya Bhat,EEE,8.37,4
491333946,Aarav Nair,CIVIL,6.50,7
192241963,Rahul Sharma,CSE,6.80,4
749192206,Ananya Singh,EEE,7.06,5
114124067,Aarav Sharma,MECH,6.75,2
291537909,Kavya Iyer,AIDS,8.83,6
400721444,Ananya Menon,ECE,7.49,8
363498868,Sneha Sharma,ECE,9.55,6
716925098,Aarav Menon,CIVIL,7.64,5
916636184,Rithanya Reddy,IT,9.57,7
212455068,Deepak Naidu,CIVIL,6.79,8
837666027,Aarav Kumar,CSBS,9.85,4
545819741,Janani Menon,CSBS,9.52,5
801048207,Sanjay Iyer,ECE,8.02,8
438382006,Gautam Gupta,CSE,8.27,5
630948580,Pranav Naidu,CIVIL,7.97,4
475811013,Karthik Menon,AIDS,9.46,4
213689144,Kavya Verma,AIDS,8.00,2
186016432,Naveen Sharma,ECE,8.28,5
212183461,Chaitanya Kumar,CIVIL,9.22,6
187598838,Tarun Chowdhury,CSE,7.50,2
609808044,Pooja Pillai,CSE,6.81,8
136340880,Akhil Verma,CIVIL,7.65,4
815669710,Madhav Chowdhury,ECE,8.76,5
515130399,Kavya Sharma,ECE,7.74,7
342935246,Divya Naidu,CSBS,7.95,7
422061703,Gautam Bhat,IT,8.12,2
985794075,Naveen Gupta,ECE,9.84,5
943967078,Madhav Rao,IT,8.54,2
681871758,Chaitanya Kumar,CSBS,7.33,4
249054516,Bhavya Kumar,AIDS,8.05,6
415179818,Rithanya Menon,ECE,6.77,7
787564194,Niharika Pillai,CSE,8.21,7
588678103,Aarav Singh,AIDS,6.91,3
866428756,Kavya Sharma,CSBS,7.06,5
714957743,Ishaan Verma,CSE,9.00,3
566775008,Niharika Pillai,ECE,9.49,8
444394283,Vignesh Bhat,AIDS,9.50,2
948052844,Aditi Sharma,ECE,6.82,4
420964640,Gautam Reddy,MECH,8.20,7
913140184,Ishaan Patel,EEE,7.46,7
689048034,Madhav Kumar,CSE,9.08,2
860358712,Chaitanya Kumar,CIVIL,7.67,4
613017328,Sanjay Iyer,MECH,6.76,7
261564108,Bhavya Sharma,CSBS,7.65,4
424534084,Deepak Iyer,IT,9.28,6
957147974,Rahul Gupta,CIVIL,7.31,3
698560331,Ananya Verma,CSE,8.79,7
902465681,Rahul Gupta,IT,9.73,7
957648661,Kavya Sharma,AIDS,7.37,5
161890512,Akhil Patel,CIVIL,9.30,1
636306779,Pooja Nair,EEE,8.17,6
850324695,Naveen Singh,ECE,6.93,5
375867377,Janani Kumar,MECH,8.64,1
141617246,Karthik Rao,IT,9.70,2
568870802,Deepak Iyer,CSBS,9.88,7
244697195,Aditi Rao,CSBS,7.35,7
702718433,Madhav Naidu,AIDS,6.55,6
784739660,Sanjay Pillai,CSE,8.05,1
775105585,Ishaan Gupta,CSE,7.33,4
252856216,Naveen Naidu,CSE,9.25,8
436085831,Ishaan Chowdhury,MECH,8.07,2
841173455,Janani Chowdhury,CSE,9.69,2
473441783,Aditi Naidu,AIDS,8.98,3
252617556,Pranav Gupta,CIVIL,8.82,2
218082320,Meera Pillai,EEE,7.54,2
131597820,Ananya Naidu,EEE,8.86,7
715378076,Sanjay Naidu,AIDS,8.48,1
557034147,Niharika Pillai,CIVIL,6.86,3
289925028,Sanjay Menon,IT,9.89,2
677938434,Bhavya Rao,IT,8.05,6
160647230,Ishaan Chowdhury,MECH,8.59,7
945628435,Gautam Rao,CSE,7.91,4
253830291,Meera Gupta,CSBS,9.10,1
440265303,Meera Rao,MECH,8.47,5
177015282,Madhav Chowdhury,ECE,8.73,6
218115222,Madhav Rao,ECE,6.79,7
640238010,Sanjay Naidu,CIVIL,7.59,3
653805503,Deepak Verma,CIVIL,7.63,4
493012725,Tarun Iyer,ECE,8.68,4
409888587,Aarav Kumar,AIDS,8.92,3
837012347,Madhav Pillai,AIDS,6.71,7
328574859,Aditi Rao,IT,9.25,7
916719107,Sneha Gupta,AIDS,6.51,3
834268869,Tarun Kumar,MECH,9.75,3
537863922,Rahul Bhat,IT,7.09,5
947759271,Vignesh Sharma,AIDS,9.31,4
899565549,Chaitanya Chowdhury,CIVIL,7.60,5
698558138,Rithanya Iyer,EEE,6.69,2
915778502,Harini Naidu,ECE,9.58,7
854607816,Janani Kumar,IT,8.86,8
125767055,Ishaan Kumar,AIDS,9.39,1
390737176,Sanjay Reddy,IT,7.22,4
223650965,Ananya Kumar,AIDS,9.77,4
354232648,Karthik Kumar,MECH,6.56,4
937231532,Divya Pillai,ECE,7.83,8
276858679,Rahul Pillai,CSBS,9.26,4
545677672,Niharika Rao,CSBS,6.55,8
141076620,Vignesh Menon,IT,6.81,2
945302336,Meera Bhat,MECH,8.52,5
357731040,Varun Patel,ECE,7.84,7
988260597,Madhav Menon,ECE,7.22,4
705757776,Madhav Chowdhury,IT,8.03,2
210610302,Yamini Rao,CSE,6.68,6
403311255,Karthik Pillai,CSBS,9.60,2
647741746,Karthik Bhat,CSE,8.02,8
995928056,Niharika Menon,EEE,9.42,6
767263653,Janani Nair,IT,7.82,6
310263878,Aditi Patel,CSE,6.53,3
826624692,Pooja Verma,EEE,6.83,3
581250930,Pranav Singh,CSE,9.23,1
944664488,Meera Chowdhury,ECE,8.99,2
450585509,Janani Rao,CIVIL,9.18,3
301679301,Tarun Reddy,ECE,9.50,2
104334585,Madhav Pillai,AIDS,9.90,3
569983025,Meera Iyer,MECH,7.47,3
537209516,Kavya Sharma,AIDS,6.52,5
943378144,Sneha Naidu,MECH,7.61,8
784083173,Janani Gupta,CSE,7.96,6
154742016,Varun Nair,CSBS,9.83,4
574677194,Naveen Verma,CSE,8.61,5
979569179,Madhav Pillai,CSBS,8.04,5
572418150,Divya Kumar,ECE,6.77,5
159853238,Harini Naidu,ECE,6.54,5
539184441,Sneha Menon,CIVIL,7.92,8
139587408,Bhavya Iyer,CIVIL,7.15,7
209563098,Deepak Patel,IT,7.32,5
968657492,Rahul Iyer,MECH,9.75,3
195267809,Varun Sharma,CIVIL,8.93,1
415222662,Sanjay Bhat,AIDS,6.78,4
286483943,Bhavya Sharma,AIDS,6.95,3
559326385,Sneha Reddy,MECH,7.52,6
161900493,Yamini Rao,AIDS,7.44,7
252070482,Sneha Iyer,IT,8.04,5
308266546,Sneha Verma,MECH,9.16,1
942418176,Harini Reddy,IT,6.62,5
711467287,Bhavya Pillai,CIVIL,8.70,8
206841475,Vignesh Nair,CSBS,6.87,3
650578888,Kavya Iyer,IT,7.54,7
309715662,Naveen Pillai,CIVIL,9.61,6
842442589,Deepak Reddy,CSBS,8.37,4
207177477,Pooja Nair,AIDS,8.79,8
208144489,Rithanya Gupta,EEE,9.06,4
686482331,Pranav Kumar,EEE,6.66,6
217901136,Vignesh Pillai,IT,7.99,4
721133736,Chaitanya Menon,CSE,8.61,1
476958012,Aarav Iyer,MECH,9.44,2
856301967,Rahul Sharma,EEE,7.87,1
914607766,Naveen Singh,IT,6.51,5
526345658,Sanjay Singh,IT,7.42,1
968117250,Divya Pillai,MECH,8.61,2
783871157,Sneha Iyer,AIDS,7.45,5
369918060,Pooja Menon,AIDS,6.90,3
999867111,Tarun Naidu,EEE,7.27,8
310094936,Varun Menon,AIDS,8.12,7
410436177,Chaitanya Singh,ECE,7.77,6
139496409,Vignesh Reddy,MECH,8.48,2
968573935,Rahul Kumar,CSE,9.53,8
809192737,Varun Singh,IT,7.28,3
942989718,Madhav Singh,CSE,8.10,2
194856744,Yamini Rao,MECH,8.28,4
777432701,Meera Pillai,CSE,8.09,3
879092056,Ananya Chowdhury,AIDS,9.66,8
558902337,Aditi Menon,EEE,7.52,2
124912777,Ananya Menon,AIDS,8.45,8
223128343,Deepak Pillai,EEE,6.96,8
679955809,Janani Reddy,CIVIL,9.05,3
815966786,Rithanya Patel,ECE,7.95,8
246538951,Yamini Iyer,ECE,6.59,8
317312156,Vignesh Gupta,AIDS,7.53,5
823952158,Akhil Nair,MECH,9.74,7
302337850,Madhav Naidu,CSBS,7.39,4
253813931,Naveen Patel,MECH,7.46,5
744942782,Akhil Naidu,MECH,6.62,7
452674015,Aarav Rao,CSBS,8.37,2
629787444,Sneha Singh,CSBS,7.23,5
392881507,Deepak Pillai,MECH,8.94,4
248258896,Sanjay Naidu,MECH,7.54,3
259761357,Tarun Gupta,IT,8.53,1
549955361,Janani Verma,CSE,9.29,3
933136177,Karthik Sharma,CSBS,7.68,7
897918081,Meera Menon,ECE,7.13,5
762848942,Akhil Chowdhury,EEE,7.74,5
911623355,Niharika Reddy,CSBS,9.01,7
280358250,Karthik Verma,CIVIL,8.60,7
261966508,Madhav Singh,IT,8.25,8
465185111,Pranav Menon,CSE,9.35,2
803432553,Pranav Iyer,CSE,7.90,4
741377329,Janani Sharma,CIVIL,6.81,3
896869096,Rahul Bhat,CIVIL,8.14,5
800309956,Naveen Nair,MECH,7.26,1
756353787,Kavya Nair,AIDS,9.41,6
375850314,Sanjay Chowdhury,CSBS,9.37,7
912376669,Ishaan Verma,MECH,6.72,3
674506044,Rahul Bhat,ECE,8.44,8
418155180,Vignesh Singh,CIVIL,9.37,6
894733283,Akhil Nair,CIVIL,9.81,8
390998764,Sneha Bhat,ECE,9.04,2
995788850,Vignesh Reddy,AIDS,8.72,6
444615534,Madhav Reddy,CIVIL,9.59,8
546220491,Aarav Nair,EEE,9.39,6
625347609,Ishaan Singh,MECH,7.98,2
920709630,Meera Naidu,ECE,7.34,8
786458872,Pooja Menon,ECE,8.35,1
337653646,Aditi Gupta,EEE,8.68,1
332490323,Vignesh Reddy,MECH,7.15,7
987303446,Harini Reddy,CSE,8.69,3
299255897,Gautam Sharma,IT,9.33,2
504138630,Akhil Naidu,IT,9.82,7
623701431,Kavya Chowdhury,EEE,7.11,6
469535039,Varun Naidu,ECE,9.55,3
848675794,Sneha Sharma,CSE,7.75,8
283479651,Yamini Iyer,MECH,6.80,7
655256806,Rahul Singh,MECH,8.64,2
108406007,Vignesh Kumar,AIDS,8.71,5
531349919,Akhil Verma,CSBS,8.82,6
202278522,Sanjay Bhat,IT,8.10,3
906240948,Naveen Patel,CSE,8.08,7
332449003,Yamini Reddy,AIDS,6.50,3
953929247,Ananya Gupta,AIDS,6.71,8
621637184,Divya Iyer,CSE,8.89,7
516973507,Karthik Iyer,IT,9.31,6
112101887,Akhil Reddy,AIDS,9.25,5
897212441,Gautam Pillai,EEE,8.32,6
785278372,Bhavya Singh,CSE,7.72,3
435404976,Janani Chowdhury,IT,8.40,6
686268691,Chaitanya Gupta,CIVIL,9.03,3
927695960,Niharika Sharma,IT,6.62,7
166014168,Akhil Menon,AIDS,9.80,8
982885914,Niharika Rao,CIVIL,6.75,1
487590332,Rithanya Verma,MECH,8.12,6
429744949,Chaitanya Verma,MECH,7.43,8
498190047,Rithanya Pillai,ECE,6.92,1
545786882,Janani Singh,CSBS,9.38,5
523878891,Chaitanya Chowdhury,CSE,9.19,8
632785934,Rithanya Naidu,MECH,8.68,4
275762118,Divya Menon,CSE,9.01,7
288393911,Divya Patel,CSE,8.24,2
687652917,Divya Singh,AIDS,7.53,2
526468954,Chaitanya Iyer,EEE,8.06,1
880256168,Deepak Bhat,CSBS,8.93,8
523742310,Harini Verma,IT,6.84,4
747578007,Aarav Chowdhury,IT,9.85,7
752952646,Yamini Patel,ECE,9.78,6
411208455,Bhavya Iyer,IT,6.50,6
529091962,Akhil Reddy,EEE,7.85,7
361202291,Ishaan Naidu,CIVIL,8.02,4
228894570,Varun Kumar,MECH,8.73,8
278569892,Sanjay Bhat,ECE,8.80,1
862593758,Rithanya Reddy,AIDS,8.48,1
682741305,Harini Chowdhury,IT,7.65,4
841836593,Meera Kumar,AIDS,7.21,7
613615083,Tarun Sharma,ECE,7.09,5
963563006,Bhavya Reddy,CIVIL,9.01,2
831226903,Pranav Pillai,CSE,6.91,5
249455707,Divya Nair,CSE,8.62,2
566658961,Yamini Verma,ECE,7.22,2
686982953,Rithanya Rao,EEE,8.85,4
738969951,Harini Iyer,ECE,9.40,4
669705153,Yamini Menon,IT,8.51,8
590383872,Rahul Nair,CIVIL,7.74,8
865075973,Niharika Verma,AIDS,9.26,2
351052941,Ishaan Iyer,ECE,8.31,5
263655241,Aditi Iyer,EEE,7.78,6
717678959,Chaitanya Rao,IT,8.86,1
370126103,Sanjay Rao,ECE,9.72,8
156290890,Aditi Chowdhury,CSBS,8.85,2
121692998,Aarav Nair,CSE,8.37,8
558433910,Janani Verma,CSBS,8.29,3
285503362,Sanjay Verma,ECE,7.63,1
443901726,Janani Kumar,CSBS,9.53,7
927320898,Niharika Bhat,MECH,7.26,5
632423603,Vignesh Nair,CSE,9.87,4
911576986,Ananya Nair,CIVIL,9.85,1
937992903,Naveen Gupta,CSE,9.80,2
312273114,Niharika Singh,MECH,7.46,7
284241667,Yamini Singh,MECH,9.81,6
197078725,Naveen Kumar,IT,9.11,5
424698146,Ishaan Verma,AIDS,7.93,8
130885609,Yamini Rao,CIVIL,8.12,7
366013321,Niharika Kumar,CIVIL,7.68,8
203999152,Sanjay Gupta,AIDS,7.04,1
863709961,Bhavya Patel,AIDS,9.10,5
576704325,Madhav Kumar,CSBS,8.59,5
523856550,Aarav Pillai,AIDS,9.83,3
367046270,Naveen Naidu,ECE,8.76,5
755934713,Sanjay Gupta,MECH,7.57,4
726887411,Deepak Sharma,IT,9.00,1
778454458,Sanjay Bhat,CSBS,6.60,6
262384208,Rahul Sharma,IT,7.34,5
220924082,Niharika Naidu,CSBS,9.12,3
974012869,Tarun Gupta,CIVIL,9.82,6
607570674,Aditi Rao,EEE,9.70,8
675848691,Aarav Nair,AIDS,9.88,6
329533509,Gautam Patel,ECE,6.62,8
223567891,Akhil Singh,IT,8.23,3
714613714,Janani Menon,MECH,7.98,7
283828939,Vignesh Patel,CIVIL,6.97,7
636461217,Bhavya Pillai,MECH,7.54,6
576326274,Akhil Singh,EEE,7.56,5
197085957,Aditi Singh,CSBS,7.62,7
238428502,Harini Menon,ECE,7.58,5
698671445,Varun Bhat,CIVIL,8.51,6
649011685,Kavya Singh,CSE,7.20,3
922083939,Ishaan Menon,CSE,8.32,5
948177505,Divya Rao,CSE,9.88,3
599148554,Akhil Reddy,AIDS,8.61,6
886091329,Harini Verma,CIVIL,7.90,2
481297892,Yamini Kumar,CSBS,9.52,2
639205540,Madhav Rao,MECH,9.23,6
600221073,Pooja Singh,IT,8.80,1
758095944,Deepak Gupta,IT,7.94,6
456926127,Rahul Rao,CIVIL,8.65,7
765128582,Janani Gupta,EEE,9.80,5
986465088,Chaitanya Patel,AIDS,6.98,1
121153733,Karthik Kumar,EEE,8.50,3
676940572,Akhil Pillai,CSBS,6.81,4
401410650,Niharika Gupta,EEE,9.34,1
248105027,Madhav Patel,IT,7.06,3
443263558,Ananya Reddy,MECH,8.04,7
424517646,Varun Pillai,CIVIL,8.88,8
937846658,Rahul Chowdhury,ECE,9.50,1
789946437,Sneha Reddy,AIDS,7.79,6
401146738,Pooja Chowdhury,IT,8.30,2
582338879,Sneha Chowdhury,CIVIL,9.64,5
299674478,Rahul Naidu,CSBS,8.05,7
514861525,Akhil Nair,CIVIL,8.20,8
318399067,Janani Chowdhury,CSBS,7.13,3
737807155,Aarav Bhat,MECH,7.62,4
361121960,Chaitanya Rao,CSBS,9.89,8
483467921,Deepak Iyer,IT,8.23,3
707470577,Yamini Naidu,MECH,8.77,4
178458465,Madhav Naidu,EEE,6.60,8
127394178,Vignesh Gupta,CSE,9.71,3
702467896,Karthik Gupta,AIDS,7.64,8
124355845,Yamini Kumar,CSBS,8.04,2
851683273,Niharika Patel,CSBS,9.81,5
673253359,Yamini Iyer,CIVIL,7.00,3
910139423,Meera Kumar,MECH,7.63,6
159834860,Naveen Patel,EEE,6.80,4
507030789,Deepak Pillai,CIVIL,9.01,3
887210936,Meera Menon,CSE,9.89,8
926779032,Niharika Patel,ECE,9.40,4
400616609,Niharika Verma,AIDS,7.70,3
164195199,Varun Reddy,CIVIL,9.02,7
150537806,Pranav Verma,CSBS,6.58,8
426691905,Aditi Bhat,MECH,6.64,5
836937371,Rithanya Bhat,ECE,8.24,6
502440826,Vignesh Reddy,IT,8.89,4
288460690,Deepak Iyer,CIVIL,7.98,5
530696335,Gautam Menon,CSBS,8.61,5
593430418,Yamini Rao,CIVIL,7.34,2
363440767,Gautam Sharma,IT,9.86,3
233857183,Karthik Rao,CIVIL,9.53,4
439861699,Madhav Chowdhury,ECE,9.55,6
663315847,Chaitanya Rao,CIVIL,6.91,7
396952053,Pooja Naidu,AIDS,7.52,5
482256178,Deepak Rao,CIVIL,9.77,8
204866146,Ananya Gupta,CIVIL,9.83,7
207415515,Yamini Gupta,CIVIL,7.73,8
716842826,Pranav Kumar,CSE,7.25,5
137208633,Meera Naidu,IT,6.59,4
303784485,Vignesh Nair,IT,7.33,2
705407592,Sneha Iyer,AIDS,7.60,3
871375295,Ishaan Rao,AIDS,7.04,6
200723064,Niharika Kumar,AIDS,7.19,8
879355908,Rahul Singh,CIVIL,8.60,7
177393450,Chaitanya Rao,ECE,9.84,6
485769463,Gautam Sharma,IT,7.11,8
817499746,Naveen Rao,CIVIL,8.58,8
585416972,Yamini Verma,MECH,8.98,8
869335641,Karthik Gupta,MECH,6.66,1
224702357,Aditi Gupta,MECH,8.98,4
778562696,Ananya Gupta,CSBS,8.04,4
993766467,Aarav Gupta,IT,8.89,1
651151890,Sanjay Bhat,CSE,8.54,4
535380669,Pranav Patel,EEE,7.04,5
756133173,Ananya Bhat,MECH,7.84,2
736553241,Sanjay Reddy,EEE,6.64,5
107054611,Ishaan Nair,EEE,9.60,6
935559769,Yamini Reddy,CSBS,9.06,2
177104036,Chaitanya Nair,CSBS,9.47,1
276540273,Aditi Naidu,ECE,8.82,4
814202966,Vignesh Bhat,CSE,8.26,2
136864238,Meera Reddy,IT,7.39,5
158287688,Pranav Bhat,ECE,9.77,1
595552510,Harini Naidu,EEE,7.30,5
365078305,Aditi Chowdhury,CSBS,7.07,1
879101668,Rahul Kumar,CIVIL,8.15,3
925208094,Aarav Kumar,MECH,9.55,8
802013744,Vignesh Menon,CSBS,6.66,7
812453352,Aarav Iyer,CIVIL,9.58,5
756843165,Aarav Singh,CSBS,7.78,4
573186448,Kavya Rao,CSE,8.81,1
523584879,Harini Bhat,CSBS,8.82,2
517590347,Ishaan Iyer,ECE,8.37,6
618449550,Gautam Menon,ECE,8.49,3
582643483,Ananya Gupta,ECE,6.99,1
336536085,Gautam Nair,CSBS,7.13,6
923692471,Pooja Reddy,MECH,8.51,1
729476967,Madhav Rao,AIDS,7.30,4
888718470,Divya Rao,EEE,7.05,8
634225216,Naveen Rao,IT,8.51,2
953085356,Deepak Reddy,EEE,9.74,2
557107940,Harini Menon,CSE,7.56,4
587572154,Naveen Pillai,EEE,8.68,4
850878844,Varun Sharma,AIDS,9.01,2
592871643,Ananya Reddy,EEE,8.08,5
746070090,Divya Singh,IT,6.95,6
400909276,Naveen Pillai,AIDS,8.99,8
506890287,Sanjay Nair,MECH,8.77,3
773869068,Rithanya Gupta,CIVIL,9.35,2
275893297,Divya Patel,ECE,8.91,3
551560423,Vignesh Rao,MECH,9.05,8
934946040,Ishaan Singh,EEE,7.84,1
526067513,Aditi Singh,MECH,8.42,8
429853013,Ananya Menon,IT,9.65,6
946015722,Harini Chowdhury,ECE,9.61,7
100469235,Janani Verma,CIVIL,7.70,7
443230794,Kavya Naidu,EEE,6.94,5
350610957,Tarun Iyer,ECE,8.93,2
890768932,Karthik Reddy,MECH,9.43,3
650800850,Madhav Patel,CSBS,8.25,4
483118706,Deepak Nair,CIVIL,9.27,2
203932163,Tarun Bhat,MECH,8.21,2
491908496,Yamini Patel,CSBS,7.25,3
898066765,Yamini Nair,AIDS,7.23,8
276226539,Sanjay Chowdhury,IT,9.33,3
766234449,Ishaan Reddy,EEE,9.72,2
140968723,Kavya Naidu,EEE,9.59,7
721669366,Pooja Rao,EEE,9.03,8
655000624,Harini Verma,CSBS,9.63,4
813293699,Sneha Bhat,CIVIL,8.56,6
153438328,Akhil Reddy,EEE,8.93,1
283493467,Bhavya Singh,AIDS,9.35,4
642966322,Aarav Menon,CIVIL,8.17,5
909306703,Chaitanya Chowdhury,IT,9.28,8
842319978,Akhil Nair,AIDS,8.03,7
751487014,Kavya Singh,IT,7.13,4
210544158,Niharika Menon,CSE,7.35,8
844841163,Varun Nair,CSBS,8.36,1
418440578,Karthik Reddy,ECE,7.25,3
541436176,Ishaan Patel,EEE,9.87,6
127118456,Aarav Singh,MECH,9.66,6
250921292,Akhil Chowdhury,ECE,8.86,7
620842648,Varun Bhat,CSE,8.63,2
223113121,Gautam Kumar,EEE,8.78,2
680913723,Tarun Bhat,MECH,7.52,6
133408041,Vignesh Gupta,EEE,9.45,6
322701793,Sneha Pillai,CSBS,9.70,1
292422170,Akhil Nair,MECH,7.31,3
177538570,Varun Rao,AIDS,9.00,3
751535823,Kavya Reddy,CIVIL,9.03,2
940928226,Rahul Verma,CIVIL,8.33,6
208268464,Janani Naidu,ECE,7.81,6
547471743,Varun Chowdhury,MECH,8.05,6
679944217,Meera Pillai,CSE,7.50,2
796854497,Harini Patel,AIDS,7.89,6
739401984,Naveen Sharma,CSBS,7.92,4
444032954,Sneha Menon,MECH,8.06,2
512067529,Niharika Verma,MECH,7.47,4
612345041,Vignesh Sharma,AIDS,8.17,3
487973678,Pooja Reddy,CSBS,7.48,5
271770073,Karthik Menon,ECE,6.85,1
576514339,Naveen Reddy,CIVIL,9.67,8
244574846,Karthik Chowdhury,MECH,8.76,2
225977593,Bhavya Gupta,AIDS,9.29,7
688074333,Rithanya Nair,AIDS,8.55,3
473702769,Gautam Gupta,CSBS,8.69,1
510927780,Deepak Chowdhury,AIDS,8.26,7
577472317,Aarav Gupta,AIDS,9.52,3
169749577,Aditi Menon,ECE,8.18,2
274181694,Meera Bhat,ECE,7.64,3
569919317,Rithanya Pillai,AIDS,7.28,7
161309282,Janani Bhat,ECE,8.81,3
909765106,Aditi Iyer,ECE,6.94,3
260025259,Yamini Reddy,IT,6.90,7
325092774,Harini Pillai,IT,9.59,4
486900483,Varun Reddy,CSE,8.08,1
506497546,Gautam Rao,MECH,7.32,2
476881964,Karthik Naidu,AIDS,7.74,8
760336198,Chaitanya Bhat,ECE,8.86,3
374720556,Chaitanya Patel,CIVIL,8.87,5
987457872,Rithanya Naidu,EEE,6.74,4
958408894,Aarav Kumar,CSE,7.04,5
717750653,Vignesh Chowdhury,AIDS,6.96,7
359399809,Janani Chowdhury,AIDS,8.89,6
262850444,Yamini Kumar,CSBS,9.48,8
666659550,Gautam Nair,ECE,9.44,7
362729123,Aditi Naidu,CIVIL,8.30,4
116657189,Karthik Bhat,CSE,7.49,3
307963686,Divya Nair,ECE,6.58,8
127689836,Niharika Naidu,ECE,7.78,4
476932312,Ananya Nair,CSE,7.34,2
152863144,Aarav Bhat,CSBS,8.99,2
539582695,Madhav Reddy,IT,6.58,8
792585199,Aarav Reddy,EEE,9.28,4
565829920,Rithanya Pillai,CIVIL,9.56,4
270355598,Yamini Bhat,EEE,8.30,5
607470718,Bhavya Menon,ECE,8.37,3
610781644,Naveen Gupta,CIVIL,9.17,5
170214252,Kavya Reddy,EEE,9.22,8
472895199,Aarav Iyer,EEE,9.83,4
180309640,Janani Kumar,CSE,9.41,3
211550334,Madhav Rao,AIDS,9.68,1
977825589,Aarav Singh,IT,8.67,8
584164280,Ishaan Patel,CIVIL,6.53,7
493144977,Aarav Menon,AIDS,7.36,7
233465085,Akhil Chowdhury,CIVIL,8.23,5
443658011,Rahul Gupta,MECH,9.51,4
401236352,Chaitanya Chowdhury,CSE,6.71,8
237152008,Pooja Verma,EEE,7.41,4
959295145,Chaitanya Gupta,ECE,8.27,7
187277943,Niharika Bhat,EEE,6.97,3
499058769,Vignesh Reddy,CIVIL,8.16,5
972644542,Rithanya Bhat,CSE,9.39,2
839755264,Pooja Chowdhury,CSBS,7.69,2
743598771,Akhil Chowdhury,CSE,9.01,8
649569056,Pranav Singh,MECH,9.61,7
921282634,Chaitanya Menon,IT,6.56,2
842640344,Madhav Pillai,CSE,9.80,1
750579350,Pooja Patel,MECH,9.24,6
411289751,Tarun Naidu,MECH,7.89,1
755958388,Madhav Chowdhury,CSBS,6.90,3
472744680,Divya Pillai,CIVIL,6.65,2
404024045,Aditi Menon,MECH,8.81,6
665692314,Janani Chowdhury,MECH,7.24,1
482568589,Divya Gupta,CIVIL,9.36,1
653730153,Rithanya Iyer,MECH,7.31,3
569156923,Sneha Iyer,CSBS,6.69,2
776717435,Deepak Patel,IT,8.25,1
866543510,Gautam Menon,CSE,7.96,4
125659363,Chaitanya Kumar,MECH,8.86,2
864094457,Chaitanya Rao,CSE,6.60,2
756123635,Chaitanya Pillai,CSE,9.47,5
318720316,Kavya Rao,AIDS,7.40,2
894117416,Karthik Naidu,CSE,7.76,7
650612571,Aarav Reddy,CIVIL,9.83,5
927794099,Akhil Singh,AIDS,6.70,3
399205515,Rithanya Menon,IT,9.53,8
654632722,Sneha Chowdhury,CIVIL,6.59,4
737053445,Sanjay Naidu,AIDS,9.18,8
371130653,Pranav Chowdhury,IT,9.28,2
395723455,Harini Kumar,ECE,8.98,6
957998628,Kavya Verma,AIDS,8.77,8
174516523,Madhav Reddy,CSE,8.06,8
662669005,Ananya Nair,AIDS,7.85,5
524224339,Janani Nair,IT,9.36,6
773079083,Rahul Sharma,MECH,8.03,4
644140252,Harini Gupta,MECH,6.60,7
760661717,Harini Gupta,EEE,8.40,3
486869378,Rahul Sharma,IT,9.44,7
826051450,Karthik Rao,CSBS,9.90,6
930973661,Pranav Naidu,IT,8.04,7
947154025,Sanjay Menon,EEE,8.03,4
912999714,Akhil Rao,IT,9.73,2
354477197,Rithanya Iyer,AIDS,6.54,4
635603199,Aditi Verma,CSE,7.67,5
273048951,Yamini Patel,ECE,9.01,3
945350720,Varun Chowdhury,MECH,7.49,2
664969373,Pooja Rao,ECE,7.63,2
433677560,Aarav Nair,CIVIL,8.50,6
735456529,Sneha Gupta,AIDS,7.47,5
871107295,Janani Reddy,CSBS,6.64,2
954002778,Ishaan Verma,CSBS,7.59,1
570089685,Rithanya Chowdhury,ECE,7.77,2
344482812,Ishaan Reddy,CSBS,8.93,2
678961500,Vignesh Patel,AIDS,7.99,8
453411322,Aditi Reddy,MECH,8.17,2
590184525,Karthik Menon,CIVIL,8.41,3
239176996,Vignesh Nair,ECE,6.67,5
328370258,Deepak Naidu,MECH,6.93,8
538960976,Meera Kumar,MECH,8.82,4
196971104,Aarav Menon,ECE,6.90,5
481102603,Madhav Menon,EEE,9.70,1
685688919,Ishaan Chowdhury,CSBS,7.43,6
809345265,Ishaan Chowdhury,MECH,7.67,4
404481168,Kavya Pillai,MECH,7.71,4
914803440,Bhavya Nair,IT,8.49,3
120138507,Pooja Reddy,ECE,9.88,8
308522517,Vignesh Singh,IT,8.80,8
530173811,Rithanya Iyer,CIVIL,7.80,6
450031407,Sneha Reddy,CIVIL,6.67,3
816750800,Yamini Kumar,CSBS,9.65,3
488278602,Divya Rao,ECE,9.43,1
577544233,Harini Naidu,EEE,7.80,2
523232692,Deepak Reddy,ECE,8.86,6
413960175,Pranav Verma,CSE,6.67,7
823586242,Yamini Naidu,CSE,8.23,2
472895253,Pooja Bhat,ECE,7.62,8
517834918,Rithanya Verma,ECE,8.78,8
351989234,Meera Rao,CSBS,8.29,7
773277218,Vignesh Nair,ECE,6.98,5
553813752,Rithanya Reddy,CSE,6.98,6
191743659,Sanjay Reddy,CSBS,8.14,3
582806407,Aarav Gupta,EEE,9.11,1
168412320,Ishaan Nair,IT,7.64,8
208719456,Harini Kumar,CSBS,7.09,6
432948574,Sanjay Bhat,MECH,7.16,3
769593067,Akhil Gupta,ECE,7.01,2
856565388,Divya Chowdhury,CIVIL,9.89,3
711255046,Bhavya Menon,AIDS,8.93,2
570370341,Niharika Singh,CIVIL,9.59,7
937159300,Ananya Menon,EEE,6.94,6
559458291,Karthik Naidu,AIDS,9.68,6
691651612,Naveen Patel,AIDS,9.57,3
255781286,Aditi Kumar,EEE,6.82,6
275098836,Ananya Verma,EEE,7.13,7
238750130,Gautam Verma,EEE,9.68,7
945014443,Ishaan Nair,AIDS,6.74,3
116008064,Vignesh Iyer,EEE,8.41,2
780560604,Ananya Gupta,IT,6.87,7
806102428,Bhavya Rao,CIVIL,8.16,7
473804134,Chaitanya Bhat,AIDS,7.04,1
705856297,Pranav Patel,ECE,6.56,1
249898068,Niharika Pillai,CSE,9.03,6
893388025,Tarun Naidu,ECE,7.48,3
900694178,Varun Nair,EEE,7.64,1
904487268,Karthik Naidu,CIVIL,7.29,3
301089101,Rithanya Reddy,ECE,7.78,2
835808727,Naveen Naidu,EEE,6.52,6
508879920,Karthik Pillai,AIDS,9.11,5
448201223,Chaitanya Chowdhury,AIDS,6.85,3
243453349,Karthik Singh,CIVIL,7.41,8
990029106,Pranav Bhat,CIVIL,9.90,2
916328202,Ananya Pillai,MECH,7.93,7
850398840,Tarun Gupta,IT,8.40,3
592275413,Sanjay Patel,MECH,8.09,7
153946097,Ishaan Kumar,ECE,7.96,3
203835078,Divya Reddy,ECE,7.37,3
249170983,Sneha Gupta,CIVIL,8.22,5
442024100,Chaitanya Naidu,CSBS,8.51,4
818610567,Pooja Verma,CSBS,7.67,4
698650329,Kavya Bhat,CSBS,8.49,2
482969422,Madhav Reddy,IT,8.28,1
782905033,Ishaan Singh,AIDS,8.57,8
333548723,Niharika Sharma,EEE,7.01,1
612560387,Ishaan Rao,IT,9.87,3
556532310,Aditi Pillai,CIVIL,8.46,4
624976507,Sanjay Nair,IT,6.81,5
836526145,Rahul Singh,EEE,9.43,2
979103120,Gautam Rao,ECE,8.45,4
562357802,Ananya Bhat,EEE,6.73,2
488696997,Sneha Rao,CSE,8.62,7
852749858,Harini Singh,CSE,8.77,3
855228966,Varun Bhat,AIDS,6.81,3
566132840,Ishaan Menon,CSBS,7.31,6
229173358,Tarun Iyer,ECE,7.08,2
304276097,Vignesh Sharma,EEE,8.01,4
290153064,Naveen Rao,EEE,7.27,3
398558670,Bhavya Menon,ECE,8.98,8
962939458,Karthik Reddy,CIVIL,6.63,3
226247885,Deepak Bhat,ECE,8.02,4
297922202,Meera Menon,CSBS,7.78,4
106700812,Tarun Chowdhury,CSBS,7.62,5
198754770,Rahul Bhat,MECH,7.07,7
149382778,Sanjay Bhat,EEE,8.95,7
461852019,Gautam Iyer,MECH,8.06,1
798353734,Ananya Chowdhury,MECH,9.68,5
752021377,Pranav Menon,EEE,6.63,5
351816902,Madhav Iyer,CSE,8.75,6
496324068,Yamini Kumar,EEE,9.21,4
572006645,Chaitanya Naidu,CIVIL,7.74,3
571297633,Naveen Patel,CSE,7.31,1
762113584,Rahul Menon,ECE,9.68,1
496690713,Janani Nair,AIDS,7.91,2
248605306,Janani Rao,CSE,8.00,8
918151969,Deepak Iyer,EEE,7.32,1
699738775,Varun Sharma,CSBS,8.36,4
796247037,Pranav Verma,EEE,6.88,2
843902255,Karthik Patel,MECH,7.19,1
361582002,Akhil Chowdhury,IT,6.75,4
782060552,Aarav Singh,ECE,6.97,7
290144374,Gautam Menon,MECH,9.26,5
535961618,Madhav Verma,AIDS,7.00,5
518171106,Rahul Patel,AIDS,9.64,2
987965687,Deepak Singh,ECE,9.65,8
961496465,Akhil Naidu,AIDS,9.27,4
422980814,Rahul Kumar,CSE,7.38,4
333090199,Sneha Patel,EEE,7.63,1
943333929,Sneha Nair,CSE,7.00,8
740919996,Sneha Menon,CSBS,6.58,2
739134733,Janani Kumar,CIVIL,9.24,8
202401213,Pooja Sharma,EEE,7.09,5
118686371,Yamini Chowdhury,CSE,7.64,7
233341870,Madhav Naidu,CSE,9.14,1
185486048,Deepak Singh,MECH,9.45,7
498181227,Pooja Nair,CIVIL,9.24,6
381644663,Ishaan Gupta,MECH,9.57,3
723681578,Divya Naidu,CSE,7.77,2
538763395,Sanjay Bhat,MECH,8.98,5
963364983,Naveen Kumar,IT,9.87,3
822198471,Niharika Chowdhury,IT,8.70,3
280685353,Ananya Naidu,CSE,7.58,8
375171840,Niharika Iyer,IT,6.91,4
424625076,Divya Verma,CSBS,8.58,7
623339976,Yamini Verma,CIVIL,9.70,2
831932375,Madhav Singh,EEE,9.10,4
161056847,Harini Bhat,CSE,6.70,8
774481304,Madhav Bhat,CSE,9.68,2
449564102,Vignesh Kumar,ECE,8.10,7
526821865,Janani Bhat,EEE,9.41,2
754912261,Chaitanya Singh,CSBS,7.49,8
276302311,Akhil Naidu,IT,8.95,5
600493877,Deepak Iyer,MECH,7.82,7
756303652,Ananya Menon,CSBS,8.87,6
270411503,Gautam Sharma,EEE,6.94,2
926017729,Aditi Iyer,CSBS,7.68,2
319284480,Vignesh Iyer,MECH,8.54,2
875710532,Harini Menon,MECH,7.99,3
820545264,Bhavya Menon,MECH,6.74,1
378752461,Tarun Patel,CIVIL,8.32,6
523201824,Kavya Naidu,MECH,8.34,5
247374688,Rahul Singh,CIVIL,9.24,8
296353801,Divya Rao,ECE,8.53,2
919438432,Niharika Iyer,MECH,7.62,1
455861450,Aarav Verma,EEE,7.34,4
508264798,Niharika Bhat,CSE,8.36,5
743958481,Pooja Naidu,AIDS,7.12,4
699346011,Vignesh Nair,CSE,7.07,8
569861808,Varun Chowdhury,ECE,8.43,8
195619045,Varun Verma,CSE,9.24,1
640312757,Sanjay Chowdhury,CSE,7.49,8
130673215,Karthik Patel,MECH,7.13,1
540001780,Harini Rao,IT,8.40,2
686434837,Karthik Verma,AIDS,8.49,1
364651854,Varun Chowdhury,AIDS,7.77,3
307258096,Vignesh Gupta,CSE,8.02,6
589434322,Bhavya Verma,IT,8.03,5
734375648,Pooja Patel,CSE,8.26,7
753683042,Ananya Pillai,AIDS,6.58,1
798337878,Chaitanya Kumar,EEE,9.63,6
238390603,Pranav Sharma,CSBS,8.80,8
526493702,Vignesh Sharma,AIDS,8.50,4
106989405,Aarav Rao,CSBS,9.11,8
144541917,Aditi Reddy,ECE,7.73,4
434536832,Karthik Menon,CSE,7.47,1
865559532,Niharika Singh,CSE,7.26,2
773506877,Deepak Pillai,CSE,8.26,6
812116024,Naveen Naidu,AIDS,7.67,4
478487386,Naveen Iyer,MECH,8.78,1
450087591,Varun Patel,CSBS,7.75,4
104394186,Divya Sharma,IT,8.98,6
945303329,Ananya Naidu,CSE,7.35,5
516689397,Kavya Bhat,CIVIL,8.23,6
765780118,Rahul Gupta,IT,9.46,8
723872610,Harini Rao,IT,6.83,3
681975813,Madhav Menon,EEE,6.83,8
911844231,Naveen Kumar,CSBS,7.60,1
195562723,Sneha Nair,MECH,8.65,4
317613649,Madhav Reddy,EEE,8.38,2
677077461,Tarun Iyer,IT,8.69,7
526494803,Pranav Rao,EEE,8.21,4
104655591,Bhavya Pillai,MECH,9.04,6
113238084,Janani Verma,AIDS,9.61,4
686318538,Divya Gupta,MECH,6.89,2
361300412,Harini Menon,AIDS,9.55,5
699098181,Aditi Gupta,IT,8.95,7
209784685,Vignesh Kumar,CSE,8.31,7
738706900,Janani Pillai,CIVIL,7.38,7
680165891,Tarun Pillai,AIDS,6.82,7
550535268,Yamini Menon,CSE,7.61,8
277604706,Aditi Kumar,CIVIL,7.07,4
381126844,Janani Patel,CSE,9.15,1
809978654,Divya Iyer,AIDS,7.16,3
697196645,Sneha Singh,AIDS,8.69,1
353935621,Varun Gupta,IT,8.52,6
150463849,Yamini Gupta,CSBS,8.85,7
156608672,Aditi Naidu,CSBS,6.91,6
549342849,Varun Pillai,EEE,6.84,1
232178842,Karthik Pillai,CSE,8.07,6
357583898,Chaitanya Gupta,CSE,6.60,1
834453915,Sneha Gupta,CSE,8.96,8
934053301,Divya Pillai,CIVIL,8.32,5
436585649,Sneha Reddy,IT,8.51,8
798550540,Ananya Gupta,IT,8.65,1
966995641,Divya Naidu,MECH,7.87,8
948251828,Niharika Naidu,CIVIL,7.37,8
259236087,Yamini Pillai,CIVIL,7.20,6
145342797,Aditi Nair,CIVIL,8.01,3
608708136,Deepak Nair,CIVIL,8.20,6
237480196,Tarun Kumar,IT,9.71,1
477138532,Vignesh Patel,CSE,9.02,7
135466150,Sneha Reddy,ECE,8.94,8
315351382,Aditi Gupta,AIDS,9.05,2
250613437,Aditi Bhat,CIVIL,6.57,8
118367029,Harini Pillai,IT,8.01,5
190605636,Divya Chowdhury,MECH,6.61,6
562553324,Akhil Chowdhury,MECH,7.49,7
330189997,Chaitanya Sharma,CSBS,7.54,1
901417005,Pranav Verma,CSE,7.59,7
396316207,Chaitanya Patel,ECE,9.30,3
822142567,Aditi Nair,CSBS,8.23,4
995435332,Niharika Reddy,CSBS,8.96,1
211558914,Chaitanya Iyer,AIDS,7.96,8
429385436,Aarav Nair,CIVIL,6.70,7
730064999,Harini Iyer,MECH,7.92,4
175850536,Akhil Iyer,CSBS,8.92,5
573499002,Gautam Bhat,CIVIL,8.14,5
777422964,Sneha Menon,ECE,8.89,7
115534857,Ishaan Chowdhury,IT,7.17,5
384421053,Pranav Iyer,EEE,9.41,5
908091851,Ishaan Naidu,CSE,7.11,2
828908984,Gautam Iyer,AIDS,9.03,1
299133803,Meera Pillai,EEE,8.17,5
684992940,Karthik Chowdhury,ECE,8.94,7
376744043,Harini Bhat,AIDS,8.52,1
798787472,Aditi Iyer,CIVIL,7.45,3
382881644,Rithanya Iyer,MECH,9.42,6
360893866,Meera Rao,IT,9.71,1
476244446,Niharika Naidu,EEE,7.43,5
482968853,Madhav Chowdhury,CSE,8.00,7
964059208,Chaitanya Bhat,ECE,8.87,4
237391504,Akhil Kumar,IT,8.70,2
661786071,Harini Rao,CSE,7.80,3
721538294,Bhavya Singh,ECE,9.76,4
